feature	metadata	value	coef	stderr	pval	qval	base.model	tweedie.index	N	N.not.zero	percent.zero
lactate	Group	high	0.558569978611049	0.098023641066886	2.34699741034746e-06	1.66683693828126e-05	CPLM	1.505	35	35	0
N-acetyl glycoprotein	Group	high	-0.732509737356126	0.13308844012196	4.16709234570316e-06	1.66683693828126e-05	CPLM	1.02	35	35	0
pyruvate	Group	high	-0.726322429890659	0.225347685153028	0.00285328570566225	0.00760876188176601	CPLM	1.99	35	35	0
glucose	Group	high	-0.305933601782195	0.115254647450001	0.0121306388966393	0.0242612777932787	CPLM	1.99	35	35	0
glutamate	Group	high	0.219236428024579	0.112024103561231	0.058845741295745	0.0941531860731921	CPLM	1.99	35	35	0
lysine	Group	high	0.334665924437012	0.188039142660195	0.0843252682588275	0.11243369101177	CPLM	1.715	35	35	0
lipids	Group	high	0.0882764461183515	0.0728490111387502	0.234204931066442	0.267662778361648	CPLM	1.01	35	35	0
alanine	Group	high	0.00533877715313173	0.0863933589320055	0.951097936459157	0.951097936459157	CPLM	1.99	35	35	0
