feature	metadata	value	coef	stderr	N	N.not.0	pval	qval
lactate	Group	high	0.819812206693705	0.147758258926643	35	35	3.65480320267304e-06	2.00228847174048e-05
N.acetyl.glycoprotein	Group	high	-1.21064600125083	0.222468676436562	35	35	5.00572117935119e-06	2.00228847174048e-05
glucose	Group	high	-0.482437942675287	0.150422163763513	35	35	0.00297573421595287	0.00793529124254099
glutamate	Group	high	0.31403027920574	0.167804044852819	35	35	0.0701758110084137	0.140351622016827
lysine	Group	high	0.518076340486314	0.312509095987328	35	35	0.106836390186085	0.170938224297736
pyruvate	Group	high	-0.61845062818307	0.408994391557798	35	35	0.140020521201126	0.186694028268168
lipids	Group	high	0.116244600439396	0.112715490883607	35	35	0.30989515533145	0.354165891807372
alanine	Group	high	0.0053143379285486	0.117346426749867	35	35	0.964151018305453	0.964151018305453
