feature	metadata	value	coef	stderr	N	N.not.0	pval	qval
lactate	Group	high	0.819812206693705	0.147758258926643	35	35	3.65480320267304e-06	2.00228847174048e-05
N.acetyl.glycoprotein	Group	high	-1.21064600125083	0.222468676436562	35	35	5.00572117935119e-06	2.00228847174048e-05
glucose	Group	high	-0.482437942675287	0.150422163763513	35	35	0.00297573421595287	0.00793529124254099
